model,MAE,RMSE,R2
RandomForest,3223518.518518519,6748968.110426627,0.9671604199144117
GradientBoosting,3994040.3148243227,7329197.253426337,0.9612710552881683
LinearRegression,5103092.89639147,7869735.272753483,0.9553477764700382
